City_ID,City,Country,Lat,Lng,Max Temp,Humidity,Cloudiness,Wind Speed,Current Description
0,Okhotsk,RU,59.3833,143.3,14.09,88,100,23.35,overcast clouds
1,Jamestown,US,42.097,-79.2353,21.0,86,90,9.22,light snow
2,Ushuaia,AR,-54.8,-68.3,57.2,54,20,14.97,few clouds
3,Sunbury,AU,-37.5833,144.7333,57.2,62,75,10.36,broken clouds
4,Marovoay,MG,-16.1,46.6333,80.6,83,40,6.91,moderate rain
5,Coahuayana,MX,18.7333,-103.6833,68.0,73,1,0.92,clear sky
6,Nouadhibou,MR,20.931,-17.0347,75.2,33,0,16.11,clear sky
7,Puerto Ayora,EC,-0.7393,-90.3518,80.6,78,0,12.66,clear sky
8,Asau,RO,46.4333,26.4,28.99,75,100,2.95,overcast clouds
9,Saint George,US,37.1041,-113.5841,30.2,64,1,0.45,clear sky
10,Rikitea,PF,-23.1203,-134.9692,77.2,73,95,11.45,light rain
11,Mar Del Plata,AR,-38.0023,-57.5575,64.4,82,90,12.66,moderate rain
12,Krasnoselkup,RU,65.7,82.4667,4.87,94,100,18.48,light snow
13,Hermanus,ZA,-34.4187,19.2345,72.0,59,57,4.0,broken clouds
14,Busselton,AU,-33.65,115.3333,63.0,98,100,14.67,overcast clouds
15,East London,ZA,-33.0153,27.9116,73.4,78,20,11.5,few clouds
16,Cherskiy,RU,68.75,161.3,-3.42,73,59,1.86,broken clouds
17,Fortuna,US,40.5982,-124.1573,44.6,93,90,3.71,overcast clouds
18,Oksbol,DK,55.6268,8.2876,28.4,69,40,14.97,scattered clouds
19,San Policarpo,PH,12.1791,125.5072,80.29,84,100,18.14,overcast clouds
20,Husavik,IS,66.0449,-17.3389,32.0,80,75,3.44,broken clouds
21,Mataura,NZ,-46.1927,168.8643,52.43,88,99,1.88,overcast clouds
22,Pangkalanbuun,ID,-2.6833,111.6167,75.18,96,92,2.91,moderate rain
23,Chokurdakh,RU,70.6333,147.9167,-27.49,84,56,4.36,broken clouds
24,Provideniya,RU,64.3833,-173.3,-3.64,77,18,14.43,few clouds
25,Albany,US,42.6001,-73.9662,24.01,68,100,5.53,light snow
26,Beringovskiy,RU,63.05,179.3167,-5.49,89,99,13.94,overcast clouds
27,Verkhoyansk,RU,67.5447,133.385,-31.58,82,0,0.94,clear sky
28,Bonavista,CA,48.6499,-53.1147,33.01,55,71,19.57,broken clouds
29,Burns Lake,CA,54.2331,-125.7533,-0.4,78,99,1.7,overcast clouds
30,Cape Town,ZA,-33.9258,18.4232,73.4,46,0,27.63,clear sky
31,Atar,MR,20.5169,-13.0499,76.46,19,0,18.1,clear sky
32,Padang,ID,-0.9492,100.3543,80.6,89,20,2.3,few clouds
33,Ndende,GA,-2.4008,11.3581,87.8,62,90,6.91,light rain
34,Barrow,US,71.2906,-156.7887,-18.4,69,90,11.5,light snow
35,Atuona,PF,-9.8,-139.0333,79.03,76,38,21.05,scattered clouds
36,Khatanga,RU,71.9667,102.5,-31.88,79,0,8.72,clear sky
37,Punta Arenas,CL,-53.15,-70.9167,59.0,47,0,10.36,clear sky
38,Saint-Georges,GD,12.0564,-61.7485,84.2,65,20,23.02,few clouds
39,Hovd,MN,48.0056,91.6419,13.87,87,86,0.43,overcast clouds
40,Bluff,NZ,-46.6,168.3333,54.34,89,100,4.88,overcast clouds
41,Avera,US,33.194,-82.5271,41.0,75,90,6.91,overcast clouds
42,Kos,GR,36.8933,27.2889,60.8,77,20,19.57,few clouds
43,Kapaa,US,22.0752,-159.319,57.2,82,1,8.05,clear sky
44,Airai,TL,-8.9266,125.4092,61.23,100,100,2.33,overcast clouds
45,Esperance,AU,-33.8667,121.9,64.4,82,90,17.27,overcast clouds
46,Igmaya-An,PH,10.5499,123.2206,71.15,93,99,7.45,overcast clouds
47,Williston,US,48.147,-103.618,-15.0,74,100,1.99,overcast clouds
48,Lebu,CL,-37.6167,-73.65,64.09,74,71,3.89,broken clouds
49,Dikson,RU,73.5069,80.5464,-27.78,86,91,10.78,overcast clouds
50,Pevek,RU,69.7008,170.3133,-7.51,87,0,1.48,clear sky
51,Salalah,OM,17.0151,54.0924,75.2,69,75,4.61,broken clouds
52,Nyurba,RU,63.2842,118.3319,-6.7,88,100,7.54,overcast clouds
53,Rio Brilhante,BR,-21.8019,-54.5464,82.29,48,0,3.98,clear sky
54,Rawlins,US,41.7911,-107.2387,27.0,54,1,25.32,light snow
55,Hobart,AU,-42.8794,147.3294,55.4,62,90,5.75,overcast clouds
56,Grindavik,IS,63.8424,-22.4338,33.8,64,20,14.97,few clouds
57,Sorland,NO,67.667,12.6934,37.4,65,20,17.27,few clouds
58,Fushun,CN,41.8558,123.9233,12.2,62,0,4.47,clear sky
59,Narsaq,GL,60.9167,-46.05,39.2,30,40,46.04,scattered clouds
60,Tenali,IN,16.2425,80.6398,77.0,53,0,3.87,haze
61,Lieksa,FI,63.3167,30.0167,15.12,96,87,9.17,overcast clouds
62,Birao,CF,10.2849,22.7882,83.34,15,28,5.79,scattered clouds
63,Georgetown,MY,5.4112,100.3354,84.2,79,20,4.61,few clouds
64,Dingle,PH,10.9995,122.6711,75.78,90,100,8.61,overcast clouds
65,Tautira,PF,-17.7333,-149.15,75.2,83,75,2.3,broken clouds
66,Djambala,CG,-2.5447,14.7533,84.02,50,19,5.23,few clouds
67,Wiesmoor,DE,53.4167,7.7333,24.8,68,100,31.07,light snow
68,Yellowknife,CA,62.456,-114.3525,-45.99,65,1,5.75,clear sky
69,Karratha,AU,-20.7377,116.8463,79.3,68,9,10.49,clear sky
70,Manicore,BR,-5.8092,-61.3003,80.6,83,75,3.44,broken clouds
71,Klaksvik,FO,62.2266,-6.589,35.6,80,75,11.5,broken clouds
72,Aldan,RU,58.6031,125.3894,-19.95,83,0,3.04,clear sky
73,Meulaboh,ID,4.1363,96.1285,79.36,79,21,3.15,few clouds
74,Sao Filipe,CV,14.8961,-24.4956,71.33,67,68,10.4,broken clouds
75,Harper,LR,4.375,-7.7169,84.27,72,82,8.43,broken clouds
76,Vaini,TO,-21.2,-175.2,77.0,100,75,8.05,light rain
77,Pisco,PE,-13.7,-76.2167,75.0,88,75,3.44,light rain
78,Tiksi,RU,71.6872,128.8694,-29.34,83,83,3.42,broken clouds
79,Oros,BR,-6.2444,-38.9136,100.0,26,66,4.92,broken clouds
80,Qiongshan,CN,20.0058,110.3542,68.0,94,0,2.24,clear sky
81,Yerbogachen,RU,61.2767,108.0108,17.1,97,100,6.15,light snow
82,Itarema,BR,-2.9248,-39.9167,89.73,54,4,15.17,clear sky
83,Constitucion,CL,-35.3333,-72.4167,66.51,68,93,4.52,overcast clouds
84,Preobrazheniye,RU,42.9019,133.9064,7.12,85,0,9.8,clear sky
85,Bristol,US,41.8334,-71.1662,36.0,64,90,6.13,overcast clouds
86,Tygda,RU,53.1167,126.3333,-14.89,87,44,5.23,scattered clouds
87,Novyy Urengoy,RU,66.0833,76.6333,-3.57,92,100,19.66,light snow
88,Faanui,PF,-16.4833,-151.75,80.92,75,3,12.97,light rain
89,Anadyr,RU,64.75,177.4833,5.0,56,0,2.24,clear sky
90,Paamiut,GL,61.994,-49.6678,32.04,85,65,9.55,broken clouds
91,Kamenka,RU,51.3223,42.7678,-3.77,91,62,10.2,broken clouds
92,Mahebourg,MU,-20.4081,57.7,80.6,89,40,11.5,scattered clouds
93,Tuatapere,NZ,-46.1333,167.6833,53.65,76,94,4.74,overcast clouds
94,Puerto Escondido,MX,15.85,-97.0667,80.6,78,40,8.05,scattered clouds
95,Thompson,CA,55.7435,-97.8558,-36.4,61,75,13.8,snow
96,Kiknur,RU,57.3034,47.2011,-7.8,88,100,12.33,overcast clouds
97,New Norfolk,AU,-42.7826,147.0587,55.4,62,90,5.75,overcast clouds
98,Gezing,AT,47.9178,13.1299,39.2,81,75,8.05,broken clouds
99,Butaritari,KI,3.0707,172.7902,80.58,81,28,17.31,scattered clouds
100,Corrente,BR,-3.7367,-43.3394,93.42,41,9,4.94,clear sky
101,Road Town,VG,18.4167,-64.6167,82.4,65,20,17.27,few clouds
102,Nicoya,CR,10.1483,-85.452,84.2,58,0,3.44,clear sky
103,Mecca,SA,21.4267,39.8261,77.63,22,0,5.32,clear sky
104,Bonthe,SL,7.5264,-12.505,84.54,68,41,12.86,scattered clouds
105,Torbay,CA,47.6666,-52.7314,34.0,51,20,40.29,few clouds
106,Ulstrup,DK,56.3899,9.7935,27.0,77,93,8.99,overcast clouds
107,Beian,NO,63.6559,9.5683,23.0,86,75,8.05,broken clouds
108,Port Alfred,ZA,-33.5906,26.891,68.0,93,57,1.01,light rain
109,Dauphin,CA,51.1494,-100.0502,-27.4,62,1,14.97,clear sky
110,Saint-Paul,RE,-21.0096,55.2707,82.4,69,0,11.5,light rain
111,Vestmannaeyjar,IS,63.4427,-20.2734,37.4,75,40,24.16,scattered clouds
112,Sinazongwe,ZM,-17.2614,27.4618,82.18,72,78,7.43,broken clouds
113,Arraial Do Cabo,BR,-22.9661,-42.0278,77.0,78,75,8.05,moderate rain
114,Dargaville,NZ,-35.9333,173.8833,55.96,92,10,3.98,clear sky
115,Omsukchan,RU,62.5333,155.8,2.35,86,100,13.2,overcast clouds
116,Comodoro Rivadavia,AR,-45.8667,-67.5,60.8,72,40,8.05,scattered clouds
117,Hilo,US,19.7297,-155.09,64.4,63,20,8.05,few clouds
118,Adrar,MR,20.5022,-10.0711,72.3,21,0,17.05,clear sky
119,Kruisfontein,ZA,-34.0033,24.7314,69.01,85,100,4.0,overcast clouds
120,Palmer,US,42.1584,-72.3287,30.99,59,90,5.75,snow
121,San Patricio,US,28.017,-97.5169,60.8,67,1,6.91,clear sky
122,Victoria,HK,22.2855,114.1577,66.0,84,0,10.54,clear sky
123,Brooks,CA,50.5834,-111.8851,-20.99,75,81,1.14,broken clouds
124,Fairbanks,US,64.8378,-147.7164,-14.01,83,1,4.61,clear sky
125,Sakaiminato,JP,35.55,133.2333,42.8,93,75,4.61,broken clouds
126,Japura,ID,-0.3167,102.35,76.26,82,100,1.12,overcast clouds
127,Nanortalik,GL,60.1432,-45.2371,34.25,82,100,17.94,overcast clouds
128,Bredasdorp,ZA,-34.5322,20.0403,71.6,49,89,12.66,overcast clouds
129,Nueve De Julio,AR,-35.4444,-60.8831,93.0,34,0,3.0,clear sky
130,Yangambi,CD,0.8102,24.4336,82.65,37,100,1.48,overcast clouds
131,Noumea,NC,-22.2763,166.4572,78.01,100,0,4.68,clear sky
132,Half Moon Bay,US,37.4636,-122.4286,44.6,100,75,5.95,mist
133,Kholtoson,RU,50.2981,103.3097,2.3,88,0,4.21,clear sky
134,Cabo San Lucas,MX,22.8909,-109.9124,60.8,67,40,3.36,scattered clouds
135,Qaanaaq,GL,77.484,-69.3632,10.85,88,99,3.8,overcast clouds
136,Bambous Virieux,MU,-20.3428,57.7575,81.0,89,40,11.5,scattered clouds
137,Berlevag,NO,70.8578,29.0864,21.2,73,75,21.85,snow
138,Geraldton,AU,-28.7667,114.6,69.8,78,75,9.22,broken clouds
139,Mahibadhoo,MV,3.7833,72.9667,81.75,72,53,16.69,broken clouds
140,Norman Wells,CA,65.282,-126.8329,-22.0,76,75,1.97,light snow
141,Saskylakh,RU,71.9167,114.0833,-38.31,78,25,11.92,scattered clouds
142,Kamskiye Polyany,RU,55.4307,51.4171,-4.0,77,90,15.66,snow
143,Castro,BR,-24.7911,-50.0119,73.99,44,0,3.2,clear sky
144,Tignere,CM,7.3667,12.65,87.19,13,94,7.2,overcast clouds
145,Tuktoyaktuk,CA,69.4541,-133.0374,-22.0,76,90,13.8,snow
146,Ponta Do Sol,PT,32.6667,-17.1,63.0,70,85,4.0,overcast clouds
147,Shingu,JP,33.7333,135.9833,42.28,79,0,5.91,clear sky
148,Avarua,CK,-21.2078,-159.775,77.0,88,40,5.75,scattered clouds
149,Yar-Sale,RU,66.8333,70.8333,-11.22,90,100,24.7,light snow
150,Carnarvon,AU,-24.8667,113.6333,78.8,100,40,12.66,scattered clouds
151,Angahuan,MX,19.55,-102.1833,57.2,72,1,2.59,clear sky
152,Tiznit,MA,29.5833,-9.5,55.42,61,21,13.11,few clouds
153,Caravelas,BR,-17.7125,-39.2481,83.55,78,93,7.96,light rain
154,Chhoti Sadri,IN,24.3833,74.7,60.24,32,0,6.38,clear sky
155,Hasaki,JP,35.7333,140.8333,41.0,65,20,5.75,few clouds
156,Summerside,CA,46.3959,-63.7876,25.0,54,82,10.36,broken clouds
157,Ilulissat,GL,69.2167,-51.1,23.0,46,0,35.68,mist
158,Pahrump,US,36.2083,-115.9839,33.8,60,1,1.48,clear sky
159,Rio Grande,BR,-32.035,-52.0986,80.6,54,40,6.91,scattered clouds
160,Tasiilaq,GL,65.6145,-37.6368,21.2,63,1,3.44,clear sky
161,Mount Gambier,AU,-37.8333,140.7667,55.4,71,90,10.36,overcast clouds
162,Kaitangata,NZ,-46.2817,169.8464,59.0,94,49,1.01,scattered clouds
163,Teya,RU,60.3778,92.6267,30.61,95,94,12.06,overcast clouds
164,Inhambane,MZ,-23.865,35.3833,89.01,66,40,4.61,scattered clouds
165,Asfi,MA,32.2994,-9.2372,59.68,64,13,6.02,few clouds
166,Marzuq,YE,14.4,46.4667,65.59,56,0,4.14,clear sky
167,Kahului,US,20.8947,-156.47,63.0,77,40,3.44,scattered clouds
168,Luorong,CN,24.4058,109.6086,71.49,49,18,3.87,few clouds
169,Sompeta,IN,18.9333,84.6,70.07,77,69,2.82,broken clouds
170,Kavieng,PG,-2.5744,150.7967,82.63,78,34,10.02,scattered clouds
171,Upernavik,GL,72.7868,-56.1549,18.5,80,22,2.77,few clouds
172,Hithadhoo,MV,-0.6,73.0833,82.02,73,52,11.77,broken clouds
173,Sechura,PE,-5.5569,-80.8222,81.79,54,9,7.65,clear sky
174,Saint-Philippe,RE,-21.3585,55.7679,82.4,74,75,6.91,broken clouds
175,Coquimbo,CL,-29.9533,-71.3436,66.2,68,75,6.91,broken clouds
176,Novonukutskiy,RU,53.7002,102.7117,9.86,92,73,3.71,broken clouds
177,Alice Springs,AU,-23.7,133.8833,79.0,31,39,6.91,scattered clouds
178,Yulara,AU,-25.2406,130.9889,82.4,26,0,9.22,clear sky
179,Broome,US,42.2506,-75.833,30.0,86,90,9.22,light snow
180,Suoyarvi,RU,62.0833,32.35,14.16,96,100,5.86,snow
181,Templin,DE,53.1186,13.5022,23.0,57,99,19.77,light snow
182,Kazachinskoye,RU,57.6953,93.2761,30.13,96,48,7.45,scattered clouds
183,Ituango,CO,7.1712,-75.764,76.71,62,99,2.08,overcast clouds
184,Bilma,NE,18.6853,12.9164,82.53,13,65,9.4,broken clouds
185,Samarai,PG,-10.6167,150.6667,82.31,78,47,6.02,scattered clouds
186,Farah,AF,32.5,62.5,57.83,28,43,3.94,scattered clouds
187,Kodiak,US,57.79,-152.4072,28.4,59,1,3.44,clear sky
188,Elko,US,41.0002,-115.5012,34.0,56,0,13.0,clear sky
189,Egvekinot,RU,66.3167,-179.1667,-9.08,78,0,13.4,clear sky
190,Prince Rupert,CA,54.3161,-130.3201,33.8,86,1,6.91,clear sky
191,Trairi,BR,-3.2778,-39.2689,89.96,51,15,13.67,few clouds
192,Kishapu,TZ,-3.6167,33.8667,76.57,61,75,6.58,broken clouds
193,Sandwick,GB,60.0,-1.25,33.8,60,75,8.05,broken clouds
194,Sicuani,PE,-14.2694,-71.2261,59.61,47,63,5.1,broken clouds
195,Clyde River,CA,70.4692,-68.5914,-7.6,84,75,11.5,broken clouds
196,Phalodi,IN,27.1333,72.3667,63.86,27,0,4.03,clear sky
197,Tecoanapa,MX,16.5167,-98.75,83.66,58,21,1.25,few clouds
198,Yarmouth,US,41.7057,-70.2286,42.01,65,90,13.8,moderate rain
199,Gizo,SB,-8.103,156.8419,82.54,75,49,7.47,light rain
200,Port Augusta,AU,-32.5,137.7667,64.4,72,0,11.5,clear sky
201,Buala,SB,-8.145,159.5921,79.21,82,92,5.19,overcast clouds
202,Tilichiki,RU,60.4667,166.1,10.06,95,100,15.03,light snow
203,Severo-Kurilsk,RU,50.6789,156.125,19.8,89,94,18.63,overcast clouds
204,Cedeno,CO,7.0464,-72.1634,74.37,76,100,0.29,overcast clouds
205,Brigantine,US,39.4101,-74.3646,41.0,93,90,12.66,moderate rain
206,Hofn,IS,64.2539,-15.2082,35.6,80,75,9.22,broken clouds
207,Olafsvik,IS,64.8945,-23.7142,34.29,83,0,14.5,clear sky
208,Shubarkuduk,KZ,49.1447,56.4872,14.74,96,100,10.94,overcast clouds
209,Manokwari,ID,-0.8667,134.0833,78.69,82,95,3.42,overcast clouds
210,Storslett,NO,69.7678,21.0247,24.3,93,100,10.49,light snow
211,Salta,AR,-24.7859,-65.4117,77.0,53,20,5.75,few clouds
212,Kearney,US,40.6995,-99.0815,3.2,85,90,19.57,light snow
213,Shambu,ET,9.5667,37.1,58.78,35,76,2.86,broken clouds
214,Ust-Maya,RU,60.4167,134.5333,-34.13,82,33,2.93,scattered clouds
215,Covington,US,39.0837,-84.5086,19.0,62,1,11.5,clear sky
216,Araouane,ML,18.9048,-3.5265,78.12,16,92,15.43,overcast clouds
217,Salamiyah,SY,35.0113,37.0532,56.35,70,0,10.07,clear sky
218,Houma,US,29.5958,-90.7195,51.8,76,90,12.66,overcast clouds
219,Madras,IN,13.0878,80.2785,77.0,69,20,5.75,haze
220,Magalia,US,39.8121,-121.5783,44.01,93,20,5.95,few clouds
221,Pangoa,PE,-12.1167,-73.0,77.18,89,100,1.52,overcast clouds
222,Bilibino,RU,68.0546,166.4372,-1.68,72,0,5.35,clear sky
223,Saint-Leu,RE,-21.15,55.2833,82.4,74,75,6.91,light rain
224,Acapulco,MX,16.8634,-99.8901,77.0,78,75,5.75,broken clouds
225,Merritt Island,US,28.5392,-80.672,71.6,94,40,5.75,scattered clouds
226,Bowen,AU,-20.0167,148.2333,78.8,94,100,5.75,overcast clouds
227,Olinda,BR,-8.0089,-34.8553,84.2,58,40,10.36,scattered clouds
228,Atikokan,CA,48.7555,-91.6216,-25.04,84,55,8.95,broken clouds
229,Burnie,AU,-41.0667,145.9167,57.0,69,74,6.29,broken clouds
230,Leningradskiy,RU,69.3833,178.4167,-13.67,77,7,5.41,clear sky
231,Alofi,NU,-19.0595,-169.9187,77.0,94,80,4.61,broken clouds
232,Lompoc,US,34.6391,-120.4579,50.0,93,1,4.61,clear sky
233,Sharjah,AE,25.3573,55.4033,73.4,60,20,6.91,few clouds
234,Matara,LK,5.9485,80.5353,76.89,87,31,1.9,scattered clouds
235,Ollioules,FR,43.1352,5.848,54.0,69,80,5.99,broken clouds
236,Nikolayevka,RU,53.1257,47.2041,-3.14,88,100,13.62,overcast clouds
237,North Bend,US,43.4065,-124.2243,44.6,93,90,6.91,mist
238,Iqaluit,CA,63.7506,-68.5145,24.8,68,75,18.41,broken clouds
239,Ternate,ID,0.8,127.4,81.18,80,77,4.29,broken clouds
240,Nishinomiya,JP,34.7167,135.3333,44.01,86,0,2.82,clear sky
241,Nosy Varika,MG,-20.5833,48.5333,81.86,80,80,12.86,broken clouds
242,Agirish,RU,61.9247,63.0231,-15.93,89,100,11.72,light snow
243,Skelleftea,SE,64.7507,20.9528,21.2,79,0,5.75,clear sky
244,Eyl,SO,7.9803,49.8164,77.29,72,0,19.04,clear sky
245,Souillac,MU,-20.5167,57.5167,80.6,89,40,11.5,scattered clouds
246,Altay,CN,47.8667,88.1167,21.65,83,96,2.33,overcast clouds
247,Khobi,GE,42.3156,41.8987,46.4,93,90,5.75,light rain
248,Pandan Niog,PH,6.2282,120.5631,81.28,83,100,11.18,overcast clouds
249,Tselina,RU,46.5338,41.0328,26.06,81,98,7.11,snow
250,Morondava,MG,-20.2833,44.2833,84.18,69,50,5.35,scattered clouds
251,Beloha,MG,-25.1667,45.05,78.85,75,29,11.36,scattered clouds
252,Saint-Joseph,RE,-21.3667,55.6167,82.4,74,75,6.91,broken clouds
253,Chaozhou,CN,23.6651,116.6379,64.4,82,0,4.47,clear sky
254,Fier,AL,40.7239,19.5561,61.48,55,96,10.02,overcast clouds
255,Basco,PH,20.4487,121.9702,74.07,86,100,23.29,overcast clouds
256,Abasolo,MX,20.45,-101.5167,55.4,54,1,5.03,clear sky
257,Marawi,PH,7.9986,124.2928,75.99,94,100,1.01,overcast clouds
258,Vila Velha,BR,-20.3297,-40.2925,71.6,94,90,5.75,light rain
259,Chapais,CA,49.7834,-74.8492,8.6,85,90,9.22,light snow
260,Bubaque,GW,11.2833,-15.8333,80.96,51,0,9.98,clear sky
261,Kulunda,RU,52.566,78.9385,18.3,94,82,15.03,broken clouds
262,Nemuro,JP,43.3236,145.575,16.29,89,89,11.56,overcast clouds
263,Jardim,BR,-21.4803,-56.1381,90.52,35,0,1.88,clear sky
264,Naze,JP,28.3667,129.4833,57.9,64,0,8.19,clear sky
265,Hikone,JP,35.25,136.25,42.01,87,21,1.01,few clouds
266,Bengkulu,ID,-3.8004,102.2655,77.36,85,100,6.42,overcast clouds
267,Bosaso,SO,11.2842,49.1816,77.0,78,20,10.36,few clouds
268,Tupik,RU,54.4253,119.9327,-18.65,83,1,2.37,clear sky
269,Raudeberg,NO,61.9875,5.1352,28.4,43,0,12.66,clear sky
270,Victoria Point,AU,-27.5833,153.3,77.0,94,93,1.01,light rain
271,Ribeira Grande,PT,38.5167,-28.7,62.6,77,75,14.97,broken clouds
272,Igrim,RU,63.1906,64.4162,-5.4,91,100,13.91,snow
273,Freeport,US,40.6576,-73.5832,34.0,86,90,6.91,snow
274,Rock Falls,US,41.7798,-89.689,-4.0,71,1,8.05,clear sky
275,Nuuk,GL,64.1835,-51.7216,33.8,44,20,18.41,few clouds
276,Aksu,CN,41.1231,80.2644,34.11,74,100,1.92,overcast clouds
277,Erenhot,CN,43.6475,111.9767,7.45,89,0,4.9,clear sky
278,Viladecans,ES,41.314,2.0143,55.4,54,40,8.05,scattered clouds
279,Reconquista,AR,-29.15,-59.65,87.48,29,0,7.29,clear sky
280,Kolpashevo,RU,58.3131,82.9089,15.66,93,98,16.17,overcast clouds
281,Lezajsk,PL,50.2626,22.4193,21.0,79,90,17.27,snow
282,Saldanha,ZA,-33.0117,17.9442,73.4,46,0,25.32,clear sky
283,Ostrovnoy,RU,68.0531,39.5131,9.86,88,99,10.56,overcast clouds
284,Zelenchukskaya,RU,43.858,41.5894,33.91,90,100,0.74,overcast clouds
285,Hualmay,PE,-11.0964,-77.6139,76.14,63,100,6.82,overcast clouds
286,Maltahohe,NA,-24.8333,16.9833,93.11,10,0,13.85,clear sky
287,Jhudo,PK,24.964,69.2968,63.16,30,0,5.53,clear sky
288,Indramayu,ID,-6.3264,108.32,76.93,94,100,15.14,light rain
289,Beaverlodge,CA,55.2166,-119.4361,-47.2,66,40,4.61,mist
290,Russell,US,32.3502,-85.1999,46.4,76,90,10.36,overcast clouds
291,Khani,GE,41.9563,42.9566,46.4,93,90,5.75,overcast clouds
292,Alyangula,AU,-13.8483,136.4192,82.4,83,90,14.97,overcast clouds
293,Chumphon,TH,10.3333,98.8333,69.01,100,0,2.62,clear sky
294,Port Elizabeth,ZA,-33.918,25.5701,68.0,94,75,10.36,drizzle
295,Talnakh,RU,69.4865,88.3972,-23.55,72,0,3.74,clear sky
296,Marsh Harbour,BS,26.5412,-77.0636,78.17,76,0,20.67,clear sky
297,Ouadda,CF,8.0777,22.4007,86.22,13,52,5.95,broken clouds
298,Jumla,NP,29.2747,82.1838,35.46,60,0,6.89,clear sky
299,Aklavik,CA,68.2191,-135.0107,-11.2,70,75,12.66,snow
300,San Cristobal,VE,7.7669,-72.225,84.2,58,20,6.91,few clouds
301,Ust-Tsilma,RU,65.441,52.1498,-24.27,84,100,9.8,overcast clouds
302,West Fargo,US,46.875,-96.9004,-14.8,69,1,8.05,clear sky
303,Los Llanos De Aridane,ES,28.6585,-17.9182,66.2,63,75,11.5,broken clouds
304,Chuy,UY,-33.6971,-53.4616,76.51,59,1,7.27,clear sky
305,Alpena,US,45.0617,-83.4327,9.0,66,1,6.91,clear sky
306,Menongue,AO,-14.6585,17.691,73.63,79,100,4.54,light rain
307,Wajima,JP,37.4,136.9,35.85,83,99,13.35,light rain
308,Komsomolets,KZ,53.7453,62.0708,5.16,91,66,13.98,broken clouds
309,Santiago,CL,-33.4569,-70.6483,70.0,82,90,3.44,mist
310,Fayaoue,NC,-20.65,166.5333,80.04,73,12,8.05,few clouds
311,Narrabri,AU,-30.3167,149.7833,68.0,73,4,4.61,clear sky
312,Pangody,RU,65.85,74.4859,-2.74,92,100,21.81,light snow
313,Talcahuano,CL,-36.7167,-73.1167,62.6,82,90,1.14,overcast clouds
314,Mandurah,AU,-32.55,115.7,66.99,93,84,19.06,broken clouds
315,Hutchinson,US,38.0608,-97.9298,12.2,79,90,9.22,light snow
316,Bouca,CF,6.5105,18.2733,95.76,10,7,6.13,clear sky
317,Collie,AU,-33.3667,116.15,63.0,91,100,1.01,overcast clouds
318,Luderitz,NA,-26.6481,15.1594,77.18,50,0,33.55,clear sky
319,Pangnirtung,CA,66.1451,-65.7125,28.11,80,0,15.64,clear sky
320,Otradnoye,RU,59.7775,30.8181,15.8,86,75,13.42,snow
321,Xining,CN,36.6167,101.7667,27.07,57,0,2.24,clear sky
322,Port Hardy,CA,50.6996,-127.4199,39.2,93,75,4.61,light rain
323,Flinders,AU,-34.5833,150.8552,68.0,78,82,4.0,broken clouds
324,Katsuura,JP,35.1333,140.3,48.2,46,0,23.02,clear sky
325,Banjar,ID,-8.19,114.9675,77.0,94,20,6.91,few clouds
326,Pitea,SE,65.3172,21.4794,14.0,85,0,6.91,clear sky
327,Porto Novo,BJ,6.4965,2.6036,89.6,70,20,16.11,few clouds
328,Chernyshevskiy,RU,63.0128,112.4714,1.53,95,100,4.97,overcast clouds
329,Westport,US,41.1415,-73.3579,32.0,74,90,10.36,snow
330,Faya,SA,18.3851,42.4509,60.8,58,20,9.22,few clouds
331,San Carlos Del Zulia,VE,9.0,-71.9135,87.82,57,71,2.77,broken clouds
332,Isangel,VU,-19.55,169.2667,77.0,94,20,3.71,few clouds
333,Cidreira,BR,-30.1811,-50.2056,77.65,63,50,9.84,scattered clouds
334,Clarence Town,AU,-32.5833,151.7833,70.0,83,75,10.36,broken clouds
335,Lorengau,PG,-2.0226,147.2712,81.81,81,97,8.75,overcast clouds
336,Gushikawa,JP,26.3544,127.8686,62.6,63,20,7.25,few clouds
337,Laguna,US,38.421,-121.4238,42.01,93,1,4.88,mist
338,Daugavpils,LV,55.8833,26.5333,6.37,93,0,4.45,clear sky
339,Beyneu,KZ,45.3167,55.2,32.76,95,100,14.7,overcast clouds
340,Vredendal,ZA,-31.6683,18.5012,75.47,41,11,25.52,few clouds
341,Dobson,US,36.3957,-80.7226,39.99,93,40,10.58,scattered clouds
342,Opuwo,NA,-18.0607,13.84,92.07,17,99,16.93,overcast clouds
343,Koster,ZA,-25.863,26.8976,66.9,82,40,5.99,moderate rain
344,Grand-Bourg,GP,15.8835,-61.3148,82.4,54,20,17.27,few clouds
345,Camacha,PT,33.0833,-16.3333,62.6,82,40,14.97,scattered clouds
346,Sucua,EC,-2.4667,-78.1667,75.2,64,20,2.3,light rain
347,Bathsheba,BB,13.2167,-59.5167,84.2,58,40,23.02,scattered clouds
348,Luanda,AO,-8.8368,13.2343,84.2,65,75,9.22,broken clouds
349,Sayyan,YE,15.1718,44.3244,53.83,55,41,7.87,scattered clouds
350,Tirlyanskiy,RU,54.2109,58.5806,-8.18,86,47,8.55,scattered clouds
351,Barra Patuca,HN,15.8,-84.2833,82.11,68,20,10.89,few clouds
352,Dickinson,US,29.4608,-95.0513,52.0,76,1,13.8,clear sky
353,Bethel,US,41.3712,-73.414,27.0,80,90,4.61,heavy snow
354,Antsohihy,MG,-14.8796,47.9875,74.91,95,100,3.67,light rain
355,Lively,CA,46.4334,-81.1498,9.0,51,20,11.5,few clouds
356,Hamilton,US,39.1834,-84.5333,18.0,62,1,11.5,clear sky
357,Ukiah,US,39.1502,-123.2078,36.0,87,1,2.17,clear sky
358,Mount Isa,AU,-20.7333,139.5,78.8,94,75,4.61,broken clouds
359,Meckenbeuren,DE,47.7,9.5667,42.01,93,90,10.36,light rain
360,Boca Do Acre,BR,-8.7522,-67.3978,92.3,52,100,2.19,moderate rain
361,Galle,LK,6.0367,80.217,79.38,84,59,1.01,broken clouds
362,Port Alberni,CA,49.2413,-124.8028,32.0,91,36,2.28,scattered clouds
363,Sistranda,NO,63.7256,8.834,23.0,86,75,8.05,broken clouds
364,Nikolskoye,RU,59.7035,30.7861,15.8,86,75,13.42,snow
365,Makakilo City,US,21.3469,-158.0858,62.6,77,20,3.44,few clouds
366,Qandala,SO,11.472,49.8728,75.94,73,18,0.89,few clouds
367,San Carlos De Bariloche,AR,-41.1456,-71.3082,59.0,58,90,11.5,overcast clouds
368,Togur,RU,58.3631,82.8265,15.69,94,98,16.22,overcast clouds
369,Sibu,MY,2.3,111.8167,75.2,100,40,0.34,scattered clouds
370,Ahipara,NZ,-35.1667,173.1667,59.85,88,72,6.17,broken clouds
371,Mackay,AU,-21.15,149.2,80.6,89,40,6.91,light rain
372,Novouzensk,RU,50.4592,48.1431,2.8,89,98,14.88,overcast clouds
373,Zalantun,CN,48.0,122.7167,-7.22,83,3,6.51,clear sky
374,Eydhafushi,MV,5.1033,73.0708,81.72,73,48,10.22,scattered clouds
375,Bukama,CD,-9.2,25.85,76.48,90,100,1.74,moderate rain
376,Sovetskoye,RU,52.2861,85.4131,25.09,98,93,2.66,overcast clouds
377,Maragogi,BR,-9.0122,-35.2225,85.26,63,66,12.75,broken clouds
378,Thongwa,MM,16.7619,96.5278,80.6,78,40,4.61,scattered clouds
379,Kavaratti,IN,10.5669,72.642,81.68,66,0,7.31,clear sky
380,Aksha,RU,50.2814,113.2867,1.56,90,98,2.71,overcast clouds
381,Vila Franca Do Campo,PT,37.7167,-25.4333,63.0,82,75,13.8,broken clouds
382,Ancud,CL,-41.8697,-73.8203,75.2,41,0,4.61,clear sky
383,Ngunguru,NZ,-35.6167,174.5,57.99,91,75,3.0,broken clouds
384,Castelo Do Piaui,BR,-5.3222,-41.5525,92.07,41,84,4.56,broken clouds
385,Port Lincoln,AU,-34.7333,135.8667,59.5,80,14,16.46,few clouds
386,Canico,PT,32.6333,-16.85,64.4,63,20,6.91,few clouds
387,Taos,US,36.4072,-105.5731,36.0,64,1,6.71,clear sky
388,Passo De Camaragibe,BR,-9.2368,-35.4901,87.8,62,40,10.36,scattered clouds
389,Sur,OM,22.5667,59.5289,66.79,71,0,6.55,clear sky
390,Halmstad,SE,56.6745,12.8568,24.8,74,0,13.8,clear sky
391,Quatre Cocos,MU,-20.2078,57.7625,81.0,89,40,11.5,light rain
392,Canavieiras,BR,-15.675,-38.9472,87.8,74,75,13.8,broken clouds
393,Kremze,CZ,48.905,14.3057,30.99,94,100,5.41,light snow
394,Hambantota,LK,6.1241,81.1185,78.8,89,0,8.05,clear sky
395,Saint-Pierre,RE,-21.3393,55.4781,82.4,74,75,6.91,light rain
396,Rennes,FR,48.1667,-1.6667,43.0,70,90,14.97,overcast clouds
397,Mongoumba,CF,3.6415,18.5936,96.75,14,53,3.44,broken clouds
398,Irtyshskiy,RU,58.3333,68.1333,4.82,92,100,16.67,overcast clouds
399,Daru,PG,-9.0763,143.2092,79.12,86,64,12.57,broken clouds
400,Sinnamary,GF,5.3833,-52.95,78.96,87,75,13.78,broken clouds
401,Meridian,US,43.6121,-116.3915,36.0,60,1,4.61,clear sky
402,Tazovskiy,RU,67.4667,78.7,-13.92,89,100,19.24,overcast clouds
403,Kindu,CD,-2.95,25.95,81.99,69,100,1.54,overcast clouds
404,Dunedin,NZ,-45.8742,170.5036,57.99,93,43,4.0,scattered clouds
405,Rafaela,AR,-31.2503,-61.4867,84.99,34,0,3.0,clear sky
406,Abrau-Dyurso,RU,44.69,37.59,26.6,80,90,17.9,light snow
407,Poso,ID,-1.3959,120.7524,82.99,78,100,3.98,overcast clouds
408,Palu,ID,-0.8917,119.8707,76.42,81,100,1.12,overcast clouds
409,Leon Valley,US,29.4952,-98.6186,50.0,71,1,4.61,clear sky
410,Pacific Grove,US,36.6177,-121.9166,41.0,93,1,3.44,clear sky
411,Pingzhuang,CN,42.0372,119.2889,3.56,83,0,3.78,clear sky
412,Zemaiciu Naumiestis,LT,55.3592,21.7022,6.71,94,61,6.17,broken clouds
413,Galveston,US,29.3669,-94.9669,54.0,71,1,14.97,clear sky
414,Muros,ES,42.7762,-9.0603,52.0,92,100,5.01,overcast clouds
415,Sulangan,PH,11.1373,123.7228,80.83,81,100,17.16,overcast clouds
416,La Asuncion,VE,11.0333,-63.8628,79.54,73,60,17.25,broken clouds
417,Kunyang,CN,27.6658,120.5658,55.49,88,39,2.19,scattered clouds
418,Sterling,US,39.0062,-77.4286,35.01,93,90,5.75,snow
419,Dryden,CA,49.7833,-92.7503,-29.2,75,1,16.11,clear sky
420,Bonfim,BR,3.0833,-59.95,84.2,65,40,13.8,scattered clouds
421,Edremit,TR,39.5961,27.0244,62.6,72,75,9.22,broken clouds
422,Mamallapuram,IN,12.6264,80.1722,77.0,69,20,5.75,haze
423,Mariental,NA,-24.6333,17.9667,95.83,10,0,15.59,clear sky
424,Antiguo Morelos,MX,22.5495,-99.0812,75.69,42,0,0.96,clear sky
425,Yorosso,ML,12.3536,-4.7761,99.34,10,34,7.23,scattered clouds
426,Moerai,PF,-22.4333,-151.3333,80.83,72,35,8.1,scattered clouds
427,Mogadishu,SO,2.0371,45.3438,82.4,61,20,19.57,few clouds
428,Codrington,AU,-38.2667,141.9667,56.39,68,86,10.96,overcast clouds
429,Sambava,MG,-14.2667,50.1667,79.81,81,100,4.61,light rain
430,Oranjemund,NA,-28.55,16.4333,67.3,76,9,26.28,clear sky
431,Burgeo,CA,47.6167,-57.6152,28.9,88,86,34.85,overcast clouds
432,Bereda,ES,43.2686,-7.5406,46.0,96,100,13.0,overcast clouds
433,Luau,AO,-10.7073,22.2247,73.42,92,98,3.74,light rain
434,Yangjiang,CN,21.85,111.9667,63.48,89,0,2.3,clear sky
435,Wiwili,NI,13.6268,-85.8254,71.6,78,40,4.83,scattered clouds
436,Shelburne,CA,44.0787,-80.2041,21.0,84,75,12.95,broken clouds
437,Seguela,CI,7.9611,-6.6731,97.21,28,65,4.43,broken clouds
438,Shelekhov,RU,52.2139,104.1,17.6,57,0,11.18,clear sky
439,Margate,GB,51.3813,1.3862,30.99,85,100,8.01,snow
440,Lyubar,UA,49.9204,27.7592,17.1,94,100,13.22,light snow
441,Poum,NC,-20.2333,164.0167,79.63,70,94,1.66,overcast clouds
442,Touros,BR,-5.1989,-35.4608,89.6,55,75,16.11,broken clouds
443,Tura,IN,25.5198,90.2201,58.86,46,16,2.01,few clouds
444,Nelson Bay,AU,-32.7167,152.15,70.0,83,75,10.36,broken clouds
445,Torrington,US,41.8007,-73.1212,27.0,71,100,3.0,snow
446,Nanjing,CN,32.0617,118.7778,48.2,76,75,13.42,light rain
447,Laurel,US,39.0993,-76.8483,35.01,100,90,2.21,snow
448,Port Hedland,AU,-20.3167,118.5667,78.8,73,0,9.22,clear sky
449,Kalamnuri,IN,19.6667,77.3333,65.88,26,32,5.48,scattered clouds
450,Stanislav,UA,46.5691,32.1478,23.0,80,90,8.95,overcast clouds
451,Sumbe,AO,-11.2061,13.8437,80.01,71,99,7.67,overcast clouds
452,Sao Felix Do Xingu,BR,-6.6447,-51.995,89.38,53,70,1.54,broken clouds
453,Baykit,RU,61.67,96.37,26.02,96,100,4.92,overcast clouds
454,Namibe,AO,-15.1961,12.1522,78.8,65,40,11.5,scattered clouds
455,Bangalore,IN,12.9762,77.6033,73.4,30,0,9.22,clear sky
456,Coihaique,CL,-45.5752,-72.0662,62.6,55,20,8.05,few clouds
457,Grand Gaube,MU,-20.0064,57.6608,81.0,80,74,7.0,broken clouds
458,Quartz Hill,US,34.6453,-118.2181,45.0,69,1,5.75,clear sky
459,Vardo,NO,70.3705,31.1107,24.8,74,75,28.77,snow
460,Da Nang,VN,16.0678,108.2208,73.4,83,75,1.14,broken clouds
461,Guerrero Negro,MX,27.9769,-114.0611,64.74,38,0,4.12,clear sky
462,Brookhaven,US,31.5791,-90.4407,44.01,84,96,5.88,overcast clouds
463,Te Anau,NZ,-45.4167,167.7167,52.88,85,99,3.27,moderate rain
464,Prince Albert,CA,53.2001,-105.7677,-43.6,66,1,3.44,mist
465,Srikakulam,IN,18.3,83.9,69.94,82,18,3.91,few clouds
466,La Trinidad,PH,16.455,120.5875,59.11,99,48,5.28,scattered clouds
467,Hoi An,VN,15.8794,108.335,73.4,83,75,1.14,broken clouds
468,Rawson,AR,-43.3002,-65.1023,61.09,51,29,14.14,scattered clouds
469,Coffs Harbour,AU,-30.3,153.1333,71.6,83,75,10.36,broken clouds
470,Hay River,CA,60.8156,-115.7999,-41.8,66,32,4.61,scattered clouds
471,Tupelo,US,34.2576,-88.7034,39.2,87,90,10.36,overcast clouds
472,Pochutla,MX,15.7432,-96.4661,75.2,78,90,5.59,overcast clouds
473,Hastings,GB,50.8552,0.5729,32.0,88,100,7.0,light snow
474,Kurilsk,RU,45.2333,147.8833,13.15,92,100,13.85,light snow
475,Kirakira,SB,-10.4544,161.9205,78.84,82,61,7.11,broken clouds
476,Yongan,CN,39.6957,113.6871,21.27,76,0,1.74,clear sky
477,Lerwick,GB,60.1545,-1.1494,33.8,60,75,8.05,broken clouds
478,Le Port,RE,-20.9373,55.2919,82.4,69,0,11.5,light rain
479,Pemangkat,ID,1.1667,108.9667,76.41,88,100,8.99,overcast clouds
480,Shimoda,JP,34.6667,138.95,42.01,57,0,1.01,clear sky
481,Koslan,RU,63.4564,48.8989,-20.02,85,100,9.98,overcast clouds
482,Luganville,VU,-15.5333,167.1667,77.59,73,30,7.52,scattered clouds
483,Santa Cruz De Tenerife,ES,28.4682,-16.2546,63.0,77,75,13.8,broken clouds
484,Nizhneangarsk,RU,55.7833,109.55,8.11,94,100,2.39,light snow
485,Trapani,IT,37.8333,12.6667,57.2,94,20,4.61,few clouds
486,Espanola,US,35.9911,-106.0806,36.0,27,1,5.19,clear sky
487,Marystown,CA,47.1666,-55.1483,31.24,87,92,34.27,overcast clouds
488,Gainesville,US,29.6516,-82.3248,63.0,88,90,12.66,overcast clouds
489,Huancabamba,PE,-5.2386,-79.4506,70.21,63,73,3.74,light rain
490,Kaabong,UG,3.4836,34.1492,76.86,19,88,10.18,overcast clouds
491,Nurota,UZ,40.5614,65.6886,51.8,87,99,4.61,overcast clouds
492,Batemans Bay,AU,-35.7167,150.1833,64.0,76,91,4.0,overcast clouds
493,Lasa,IT,46.6166,10.7002,41.0,100,90,6.91,mist
494,Vostok,RU,46.4856,135.8833,-12.41,91,100,2.89,overcast clouds
495,Verkhnevilyuysk,RU,63.4453,120.3167,-15.07,87,38,8.88,scattered clouds
496,Palm Coast,US,29.585,-81.2078,70.0,88,90,5.75,overcast clouds
497,Kawalu,ID,-7.3817,108.2082,73.53,90,100,2.91,overcast clouds
498,Redlands,US,34.0556,-117.1825,55.0,57,1,0.83,clear sky
499,San Miguel,SV,13.4833,-88.1833,93.63,38,13,2.3,few clouds
500,Artyom,AZ,40.4723,50.333,44.6,87,90,23.02,overcast clouds
501,Cayenne,GF,4.9333,-52.3333,82.4,83,90,14.97,overcast clouds
502,Kutum,SD,14.2,24.6667,70.74,19,14,11.97,few clouds
503,Vanimo,PG,-2.6741,141.3028,77.65,86,100,2.64,overcast clouds
504,Orlik,RU,52.5178,99.825,4.73,82,97,2.8,overcast clouds
505,Baghdad,IQ,33.3406,44.4009,62.6,72,20,5.75,few clouds
506,Berdigestyakh,RU,62.0989,126.6992,-30.64,83,6,5.57,clear sky
507,Owando,CG,-0.4819,15.8999,88.79,50,83,3.71,broken clouds
508,Fowa,NG,8.9167,6.4,102.13,8,86,2.75,overcast clouds
509,Real,PH,14.6625,121.6047,80.01,83,20,4.61,few clouds
510,Aasiaat,GL,68.7098,-52.8699,19.67,86,0,20.87,clear sky
511,Fort Nelson,CA,58.8053,-122.7002,-34.6,67,40,4.23,scattered clouds
512,Hanmer Springs,NZ,-42.5167,172.8167,56.12,79,0,6.87,clear sky
513,Waterloo,CA,43.4668,-80.5164,12.2,73,90,23.02,haze
514,Koumra,TD,8.9126,17.5539,95.61,9,98,7.18,overcast clouds
515,Itupiranga,BR,-5.1347,-49.3267,91.4,55,40,4.61,scattered clouds
516,Chateaubelair,VC,13.2833,-61.25,82.4,65,20,8.05,few clouds
517,Sencur,SI,46.2456,14.4197,50.0,93,90,5.75,moderate rain
518,Henties Bay,NA,-22.116,14.2845,66.99,83,74,3.0,broken clouds
519,Barra Do Bugres,BR,-15.0725,-57.1811,94.62,38,18,0.58,few clouds
520,Noyabrsk,RU,63.1994,75.4507,26.67,98,100,17.83,overcast clouds
521,Sola,VU,-13.8833,167.55,81.48,74,16,13.2,few clouds
522,Tual,ID,-5.6667,132.75,83.75,78,100,18.41,overcast clouds
523,Honningsvag,NO,70.9821,25.9704,28.4,69,75,24.16,snow
524,Nome,US,64.5011,-165.4064,6.8,78,90,3.96,overcast clouds
525,Iralaya,HN,15.0,-83.2333,82.4,66,20,10.02,few clouds
526,Dezful,IR,32.3811,48.4058,59.27,72,37,2.17,scattered clouds
527,Santa Cruz Cabralia,BR,-16.2781,-39.0247,84.2,61,75,18.41,broken clouds
528,Chernyakhovsk,RU,54.6335,21.8156,7.86,94,61,7.61,broken clouds
529,Balod,IN,20.73,81.2047,60.24,32,0,1.81,clear sky
530,Takoradi,GH,4.8845,-1.7554,84.13,76,100,9.66,light rain
531,Rheinbach,DE,50.6256,6.9491,37.99,95,100,3.98,overcast clouds
532,Akcakoca,TR,41.0866,31.1162,56.17,61,80,3.96,broken clouds
533,Port-Gentil,GA,-0.7193,8.7815,80.6,83,40,6.91,scattered clouds
534,Vestmanna,FO,62.1564,-7.1664,35.6,80,75,11.5,broken clouds
535,Bulanon,PH,10.917,123.474,79.84,83,99,11.16,overcast clouds
536,Roebourne,AU,-20.7833,117.1333,79.29,67,4,11.34,clear sky
537,Antofagasta,CL,-23.65,-70.4,75.0,56,20,10.36,few clouds
538,Kungurtug,RU,50.5994,97.5228,7.52,85,0,3.06,clear sky
539,Seoul,KR,37.5683,126.9778,30.2,54,0,9.22,clear sky
540,Sioux Lookout,CA,50.1001,-91.917,-25.6,68,20,9.22,few clouds
541,Kita,ML,13.0349,-9.4895,94.1,11,82,6.96,broken clouds
542,Lubao,PH,14.9167,120.55,77.0,78,40,3.44,scattered clouds
543,Cravo Norte,CO,6.3017,-70.2041,92.19,42,43,10.63,scattered clouds
544,Roros,NO,62.5747,11.3842,1.4,78,75,3.44,broken clouds
545,Hobyo,SO,5.3505,48.5268,78.64,73,0,18.43,clear sky
546,Gornyak,RU,50.9942,81.4661,28.4,95,100,13.24,overcast clouds
547,Nianzishan,CN,47.5167,122.8833,-6.34,83,9,4.41,clear sky
548,Northam,GB,51.0333,-4.2167,39.0,71,12,11.99,few clouds
549,Cap Malheureux,MU,-19.9842,57.6142,81.0,80,67,7.0,broken clouds
550,Saint-Prosper,CA,46.2117,-70.4811,12.2,67,65,4.61,broken clouds
551,Alghero,IT,40.5589,8.3181,57.2,82,40,6.91,scattered clouds
552,Worland,US,44.0169,-107.9554,3.99,78,90,10.36,light snow
553,Belmonte,BR,-15.8631,-38.8828,87.8,74,75,13.8,broken clouds
554,Chumikan,RU,54.7183,135.315,-7.42,83,99,25.17,overcast clouds
555,Katherine,AU,-14.4667,132.2667,75.2,94,90,3.44,overcast clouds
556,Balaipungut,ID,1.05,101.2833,80.6,83,20,1.74,few clouds
557,Saint Anthony,US,45.0205,-93.218,-11.2,70,1,6.91,clear sky
558,Kushiro,JP,42.975,144.3747,10.38,90,95,7.0,overcast clouds
559,Athabasca,CA,54.7169,-113.2854,-45.4,66,0,2.3,clear sky
560,Urusha,RU,54.05,122.9,-17.57,84,0,2.59,clear sky
561,Camocim,BR,-2.9022,-40.8411,83.77,70,18,14.12,few clouds
562,Redmond,US,47.674,-122.1215,42.01,90,98,4.16,overcast clouds
563,Safranbolu,TR,41.2508,32.6942,52.86,50,98,1.05,overcast clouds
564,Saint-Augustin,CA,51.226,-58.6502,30.22,93,91,24.18,overcast clouds
565,Ciudad Bolivar,VE,8.1222,-63.5497,88.99,47,100,11.61,overcast clouds
566,Toyooka,JP,35.5333,134.8333,41.5,85,90,3.51,light rain
567,Halifax,CA,44.6453,-63.5724,30.2,51,100,4.61,overcast clouds
568,Lufilufi,WS,-13.8745,-171.5986,78.8,100,90,17.27,moderate rain
569,Hohhot,CN,40.8106,111.6522,12.2,52,0,4.47,clear sky
570,Mangochi,MW,-14.4782,35.2645,77.74,82,100,3.33,light rain
571,Mumford,GH,5.2618,-0.759,83.48,77,94,16.67,overcast clouds
572,Aberdeen,GB,57.1437,-2.0981,35.6,69,75,13.8,snow
573,Manaure,CO,11.7751,-72.4445,84.63,57,100,22.17,overcast clouds
574,Douentza,ML,14.9951,-2.9517,90.37,13,50,12.66,scattered clouds
575,Sitka,US,57.0531,-135.33,30.2,59,75,3.44,broken clouds
576,Hawalli,KW,29.2833,47.9972,64.4,59,75,3.44,broken clouds
577,Lagoa,PT,39.05,-27.9833,58.12,74,100,19.69,overcast clouds
578,Zhigansk,RU,66.7697,123.3711,-28.12,82,99,13.27,overcast clouds
579,Pinar Del Rio,CU,22.4175,-83.6981,82.51,67,6,13.24,clear sky
580,Washougal,US,45.5826,-122.3534,41.0,87,90,5.75,overcast clouds
581,Ongandjera,NA,-17.8833,15.0667,93.99,18,74,8.97,broken clouds
582,Namatanai,PG,-3.6667,152.4333,80.55,80,77,5.79,light rain
583,Greece,US,43.2098,-77.6931,21.99,84,100,1.01,light snow
584,Auki,SB,-8.7676,160.7034,77.67,84,84,6.04,broken clouds
585,Santa Fe,AR,-31.6333,-60.7,90.0,48,0,5.99,clear sky
586,Cortez,US,37.3489,-108.5859,33.01,68,1,4.61,clear sky
587,Stornoway,GB,58.2093,-6.3865,37.4,48,40,16.11,scattered clouds
588,Ostersund,SE,63.1792,14.6357,15.8,92,90,5.75,overcast clouds
589,Carutapera,BR,-1.195,-46.02,87.12,62,14,10.13,few clouds
590,Warwick,US,41.7001,-71.4162,36.0,55,90,5.75,light snow
591,Bandarbeyla,SO,9.4942,50.8122,76.84,75,0,15.05,clear sky
592,Tarko-Sale,RU,64.9225,77.785,12.87,96,100,20.76,light snow
593,Omboue,GA,-1.5746,9.2618,81.84,79,99,7.54,moderate rain
594,Nakhon Phanom,TH,17.3333,104.4167,69.91,76,0,6.02,clear sky
595,Porto De Moz,BR,-1.7483,-52.2383,95.38,43,41,2.59,scattered clouds
596,Maldonado,UY,-34.6667,-54.9167,80.01,65,20,8.05,few clouds
597,Maniitsoq,GL,65.4167,-52.9,28.02,82,0,18.5,clear sky
598,Maunabo,PR,18.0072,-65.8993,82.0,72,35,10.0,scattered clouds
599,Strezhevoy,RU,60.7333,77.5889,24.8,80,75,22.37,snow
600,Kurikka,FI,62.6167,22.4167,24.01,93,90,8.05,overcast clouds
601,Tigil,RU,57.8,158.6667,29.7,94,15,21.25,few clouds
602,Balkanabat,TM,39.5108,54.3671,54.45,46,100,9.66,overcast clouds
603,Ramhormoz,IR,31.28,49.6035,62.6,88,40,11.5,scattered clouds
604,Copiapo,CL,-27.3667,-70.3333,66.2,63,75,4.61,broken clouds
605,Morrope,PE,-6.5417,-80.0111,82.4,54,0,5.75,clear sky
606,Pismo Beach,US,35.1428,-120.6413,41.0,81,1,5.01,clear sky
607,Dwarka,IN,22.2394,68.9678,70.0,61,0,12.5,clear sky
608,Kollam,IN,8.8833,76.6,84.2,70,20,2.3,haze
609,Surovikino,RU,48.6078,42.8486,17.35,75,13,12.12,few clouds
610,Beira,MZ,-19.8436,34.8389,86.0,84,40,5.75,scattered clouds
611,Finschhafen,PG,-6.6024,147.8681,81.72,78,93,5.37,overcast clouds
612,Betsiamites,CA,48.9413,-68.646,21.2,58,1,8.05,clear sky
613,Mariestad,SE,58.7097,13.8237,21.99,86,0,6.91,clear sky
614,Batagay-Alyta,RU,67.8006,130.4114,-34.4,81,0,1.68,clear sky
615,Mazamet,FR,43.49,2.373,53.6,71,75,13.8,broken clouds
616,Naryan-Mar,RU,67.6713,53.087,-18.74,87,100,14.05,overcast clouds
617,Ballina,AU,-28.8667,153.5667,77.0,73,90,8.05,overcast clouds
618,Salinopolis,BR,-0.6136,-47.3561,81.95,82,54,10.8,broken clouds
619,Tacuarembo,UY,-31.7333,-55.9833,84.88,38,0,4.9,clear sky
620,Mangrol,IN,21.1167,70.1167,71.2,57,0,4.16,clear sky
621,Brae,GB,60.3964,-1.353,33.8,60,75,8.05,broken clouds
622,Punta Alta,AR,-38.8759,-62.0736,65.14,70,98,20.29,overcast clouds
623,Seabra,BR,-12.4186,-41.7703,80.47,65,72,4.21,broken clouds
624,Lata,PT,40.1629,-8.3327,54.0,87,100,1.99,overcast clouds
625,Jining,CN,35.405,116.5814,35.53,71,81,6.98,broken clouds
626,Wajir,KE,1.7471,40.0573,93.29,27,0,6.55,clear sky
627,Santiago Del Estero,AR,-27.7951,-64.2615,90.0,42,0,7.0,clear sky
628,Sakata,JP,38.9167,139.855,33.22,86,100,24.14,overcast clouds
629,Yining,CN,29.0361,114.5636,53.28,82,100,4.43,light rain
630,Conceicao Do Mato Dentro,BR,-19.0372,-43.425,76.3,81,99,4.52,overcast clouds
631,Pomabamba,PE,-8.8333,-77.4667,59.0,59,78,4.61,light rain
632,Arica,CL,-18.475,-70.3042,77.0,53,0,9.22,clear sky
633,Sonoita,MX,31.85,-112.8333,61.03,31,0,2.86,clear sky
634,Srivardhan,IN,18.0333,73.0167,76.96,51,19,8.55,few clouds
635,Cairo Montenotte,IT,44.4031,8.2746,54.0,96,98,17.0,overcast clouds
636,Chicama,PE,-7.8447,-79.1469,71.6,83,72,9.22,light rain
637,Erzin,TR,36.9559,36.2,62.6,67,75,10.36,broken clouds
638,Iquique,CL,-20.2208,-70.1431,78.8,44,0,11.5,clear sky
639,Along,IN,28.1667,94.7667,54.18,56,0,2.06,clear sky
640,Havre-Saint-Pierre,CA,50.2334,-63.5986,23.0,68,1,26.46,clear sky
641,Maha Sarakham,TH,16.3333,103.6667,81.0,73,0,4.36,clear sky
642,Odweyne,SO,9.4092,45.064,68.74,61,1,15.55,clear sky
643,Progreso,MX,21.2833,-89.6667,80.01,78,20,6.8,few clouds
644,Muroto,JP,33.2833,134.15,53.89,53,0,8.9,clear sky
645,Henderson,US,36.0397,-114.9819,45.0,36,1,1.63,clear sky
646,Beroroha,MG,-21.6667,45.1667,79.54,79,75,5.55,moderate rain
647,Tommot,RU,58.9564,126.2925,-23.33,81,0,1.99,clear sky
648,Belogorsk,RU,50.9158,128.4611,-15.16,87,0,7.99,clear sky
649,Avenal,US,36.0041,-120.129,39.99,93,1,3.44,mist
650,Gravdal,NO,68.1214,13.5031,32.0,80,40,4.61,scattered clouds
651,Horconcitos,PA,8.4682,-81.8007,79.07,64,80,4.7,broken clouds
652,Lalibela,ET,12.0333,39.0333,65.14,28,98,8.3,overcast clouds
653,Gat,IL,31.61,34.7642,64.0,100,0,5.68,clear sky
654,Kirovskiy,RU,45.0917,133.5136,-11.0,90,98,4.09,overcast clouds
655,Portland,US,45.5234,-122.6762,42.01,87,90,5.75,overcast clouds
656,Andilamena,MG,-17.0167,48.5833,69.21,91,61,4.27,moderate rain
657,Taoudenni,ML,22.6783,-3.9836,76.78,17,0,12.82,clear sky
658,Watertown,US,42.3709,-71.1828,39.0,70,90,11.5,overcast clouds
659,Bochnia,PL,49.9691,20.4303,23.0,90,100,1.99,overcast clouds
660,Dire Dawa,ET,9.5931,41.8661,67.87,67,93,7.85,overcast clouds
661,Promyshlennaya,RU,54.9159,85.6385,28.4,69,40,22.37,snow
662,Durango,MX,24.8333,-104.8333,57.67,31,100,2.71,overcast clouds
663,Soyo,AO,-6.1349,12.3689,87.8,74,75,8.05,broken clouds
664,Teguise,ES,29.0605,-13.564,68.0,56,75,11.5,broken clouds
665,Waingapu,ID,-9.6567,120.2641,78.6,82,94,6.15,overcast clouds
666,Dese,ET,11.1333,39.6333,52.21,87,89,4.0,overcast clouds
667,Digha,IN,21.6833,87.55,66.58,71,0,3.94,clear sky
668,Porto-Vecchio,FR,41.591,9.2795,59.0,72,20,17.27,few clouds
669,Athens,GR,37.9795,23.7162,64.0,59,0,7.96,clear sky
670,Tateyama,JP,34.9833,139.8667,46.99,47,56,3.0,broken clouds
671,Szecseny,HU,48.0806,19.5202,37.0,91,100,4.07,light rain
672,Ulaangom,MN,49.9811,92.0667,-3.69,89,100,0.65,overcast clouds
673,Sayansk,RU,54.1088,102.1648,10.87,95,74,5.84,broken clouds
674,Oktyabrskoye,RU,43.0645,44.7417,26.6,100,90,8.95,overcast clouds
675,Itacoatiara,BR,-3.1431,-58.4442,88.0,59,100,3.51,overcast clouds
676,Conde,BR,-7.2597,-34.9075,87.8,62,75,12.66,broken clouds
677,Camana,PE,-16.6228,-72.7111,76.86,68,85,9.44,overcast clouds
678,Havoysund,NO,70.9963,24.6622,28.4,69,75,24.16,snow
679,Bastia,FR,42.6667,9.3333,60.8,63,0,4.61,clear sky
680,Bongandanga,CD,1.5,21.05,89.22,33,48,2.26,scattered clouds
681,Suslovo,RU,56.2167,88.1167,28.92,96,84,17.31,broken clouds
682,Joao Pinheiro,BR,-17.7425,-46.1725,69.93,94,95,0.58,overcast clouds
683,Evans,US,33.5337,-82.1307,42.8,81,90,5.75,overcast clouds
684,Nantucket,US,41.2835,-70.0995,37.99,87,90,21.85,light rain
685,Ondangwa,NA,-17.9167,15.95,91.78,19,99,13.56,overcast clouds
686,Mehamn,NO,71.0357,27.8492,28.4,69,75,24.16,snow
687,Azare,NG,11.6765,10.1948,90.57,12,13,6.98,few clouds
688,The Valley,AI,18.217,-63.0578,82.4,69,40,19.57,scattered clouds
689,Flagstaff,US,35.1981,-111.6513,42.01,27,1,3.44,clear sky
690,Fort Saint James,CA,54.4333,-124.25,-9.87,88,98,1.97,overcast clouds
691,Kismayo,SO,-0.3582,42.5454,77.61,80,8,17.67,clear sky
692,Barcelos,PT,41.5388,-8.6151,50.0,93,90,18.41,light intensity drizzle
693,Rio Gallegos,AR,-51.6226,-69.2181,64.4,39,0,5.75,clear sky
694,Amot,NO,59.5714,7.9877,23.0,63,75,2.3,broken clouds
695,Baoshan,CN,46.5586,131.4244,-11.85,86,0,5.88,clear sky
696,Usinsk,RU,65.9939,57.5281,-25.17,85,100,16.75,light snow
697,Summerville,US,33.0185,-80.1757,44.6,93,90,17.27,mist
698,Devitsa,RU,51.6352,38.945,6.8,61,0,13.42,clear sky
